{"chunks":{"0.residuals.npy":{"rows":41188,"mtime":1783830161.14157}},"padding_rows":859,"num_chunks":1,"metadata_mtime":1783830161.1807005,"total_rows":42047,"ncols":24}